year,constituency_code,constituency_name,avg_change_gbp,relative_change_pct
2029-30,E14001063,Aldershot,-100.08,-0.1686
2029-30,E14001064,Aldridge-Brownhills,-132.92,-0.2411
2029-30,E14001065,Altrincham and Sale West,-111.66,-0.1543
2029-30,E14001066,Amber Valley,-95.91,-0.1811
2029-30,E14001067,Arundel and South Downs,-97.02,-0.1598
2029-30,E14001068,Ashfield,-142.7,-0.2792
2029-30,E14001069,Ashford,-130.27,-0.2237
2029-30,E14001070,Ashton-under-Lyne,-156.8,-0.3013
2029-30,E14001071,Aylesbury,-122.34,-0.1959
2029-30,E14001072,Banbury,-86.52,-0.1365
2029-30,E14001073,Barking,-257.26,-0.4515
2029-30,E14001074,Barnsley North,-133.41,-0.2545
2029-30,E14001075,Barnsley South,-133.98,-0.2489
2029-30,E14001076,Barrow and Furness,-87.65,-0.1702
2029-30,E14001077,Basildon and Billericay,-139.39,-0.2369
2029-30,E14001078,Basingstoke,-105.28,-0.1751
2029-30,E14001079,Bassetlaw,-107.03,-0.1973
2029-30,E14001080,Bath,-124.58,-0.2127
2029-30,E14001081,Battersea,-63.25,-0.0634
2029-30,E14001082,Beaconsfield,-92.7,-0.1164
2029-30,E14001083,Beckenham and Penge,-111.59,-0.1635
2029-30,E14001084,Bedford,-153.27,-0.2695
2029-30,E14001085,Bermondsey and Old Southwark,-59.21,-0.0806
2029-30,E14001086,Bethnal Green and Stepney,-127.13,-0.19
2029-30,E14001087,Beverley and Holderness,-95.92,-0.1809
2029-30,E14001088,Bexhill and Battle,-94.01,-0.1655
2029-30,E14001089,Bexleyheath and Crayford,-133.95,-0.2267
2029-30,E14001090,Bicester and Woodstock,-94.65,-0.1484
2029-30,E14001091,Birkenhead,-163.9,-0.3078
2029-30,E14001092,Birmingham Edgbaston,-222.97,-0.4039
2029-30,E14001093,Birmingham Erdington,-217.48,-0.4417
2029-30,E14001094,Birmingham Hall Green and Moseley,-240.55,-0.4608
2029-30,E14001095,Birmingham Hodge Hill and Solihull North,-293.25,-0.5684
2029-30,E14001096,Birmingham Ladywood,-316.95,-0.6544
2029-30,E14001097,Birmingham Northfield,-202.52,-0.3807
2029-30,E14001098,Birmingham Perry Barr,-259.19,-0.5292
2029-30,E14001099,Birmingham Selly Oak,-172.28,-0.3346
2029-30,E14001100,Birmingham Yardley,-272.86,-0.5327
2029-30,E14001101,Bishop Auckland,-117.64,-0.2285
2029-30,E14001102,Blackburn,-207.33,-0.4075
2029-30,E14001103,Blackley and Middleton South,-227.02,-0.4425
2029-30,E14001104,Blackpool North and Fleetwood,-124.23,-0.2391
2029-30,E14001105,Blackpool South,-132.41,-0.2666
2029-30,E14001106,Blaydon and Consett,-104.39,-0.1954
2029-30,E14001107,Blyth and Ashington,-106.15,-0.196
2029-30,E14001108,Bognor Regis and Littlehampton,-104.6,-0.1982
2029-30,E14001109,Bolsover,-104.19,-0.2012
2029-30,E14001110,Bolton North East,-183.29,-0.3481
2029-30,E14001111,Bolton South and Walkden,-209.29,-0.3935
2029-30,E14001112,Bolton West,-120.22,-0.2187
2029-30,E14001113,Bootle,-131.36,-0.2576
2029-30,E14001114,Boston and Skegness,-108.35,-0.2079
2029-30,E14001115,Bournemouth East,-124.22,-0.2257
2029-30,E14001116,Bournemouth West,-119.69,-0.2281
2029-30,E14001117,Bracknell,-98.38,-0.1491
2029-30,E14001118,Bradford East,-332.89,-0.6545
2029-30,E14001119,Bradford South,-225.83,-0.44
2029-30,E14001120,Bradford West,-315.63,-0.6519
2029-30,E14001121,Braintree,-111.35,-0.1904
2029-30,E14001122,Brent East,-161.78,-0.2473
2029-30,E14001123,Brent West,-164.01,-0.27
2029-30,E14001124,Brentford and Isleworth,-91.01,-0.1176
2029-30,E14001125,Brentwood and Ongar,-101.96,-0.143
2029-30,E14001126,Bridgwater,-116.38,-0.2213
2029-30,E14001127,Bridlington and The Wolds,-91.12,-0.1633
2029-30,E14001128,Brigg and Immingham,-111.16,-0.2098
2029-30,E14001129,Brighton Kemptown and Peacehaven,-106.23,-0.1943
2029-30,E14001130,Brighton Pavilion,-107.84,-0.1918
2029-30,E14001131,Bristol Central,-99.78,-0.1781
2029-30,E14001132,Bristol East,-108.89,-0.1956
2029-30,E14001133,Bristol North East,-116.25,-0.2045
2029-30,E14001134,Bristol North West,-130.29,-0.2227
2029-30,E14001135,Bristol South,-145.49,-0.2752
2029-30,E14001136,Broadland and Fakenham,-102.58,-0.1866
2029-30,E14001137,Bromley and Biggin Hill,-109.63,-0.1545
2029-30,E14001138,Bromsgrove,-94.26,-0.1499
2029-30,E14001139,Broxbourne,-119.37,-0.1993
2029-30,E14001140,Broxtowe,-118.28,-0.2128
2029-30,E14001141,Buckingham and Bletchley,-109.79,-0.1659
2029-30,E14001142,Burnley,-152.84,-0.3054
2029-30,E14001143,Burton and Uttoxeter,-105.11,-0.1847
2029-30,E14001144,Bury North,-124.65,-0.2264
2029-30,E14001145,Bury South,-167.78,-0.2962
2029-30,E14001146,Bury St Edmunds and Stowmarket,-106.58,-0.1861
2029-30,E14001147,Calder Valley,-113.64,-0.204
2029-30,E14001148,Camborne and Redruth,-126.98,-0.246
2029-30,E14001149,Cambridge,-110.67,-0.1657
2029-30,E14001150,Cannock Chase,-95.07,-0.1795
2029-30,E14001151,Canterbury,-156.41,-0.2825
2029-30,E14001152,Carlisle,-126.03,-0.2421
2029-30,E14001153,Carshalton and Wallington,-118.83,-0.1915
2029-30,E14001154,Castle Point,-110.74,-0.1941
2029-30,E14001155,Central Devon,-101.04,-0.1817
2029-30,E14001156,Central Suffolk and North Ipswich,-116.54,-0.2029
2029-30,E14001157,Chatham and Aylesford,-152.62,-0.2655
2029-30,E14001158,Cheadle,-98.97,-0.155
2029-30,E14001159,Chelmsford,-116.65,-0.1891
2029-30,E14001160,Chelsea and Fulham,-77.43,-0.0601
2029-30,E14001161,Cheltenham,-121.73,-0.2048
2029-30,E14001162,Chesham and Amersham,-105.7,-0.1369
2029-30,E14001163,Chester North and Neston,-115.5,-0.2102
2029-30,E14001164,Chester South and Eddisbury,-109.96,-0.1903
2029-30,E14001165,Chesterfield,-100.43,-0.1873
2029-30,E14001166,Chichester,-91.06,-0.1563
2029-30,E14001167,Chingford and Woodford Green,-109.62,-0.176
2029-30,E14001168,Chippenham,-116.1,-0.203
2029-30,E14001169,Chipping Barnet,-119.76,-0.1687
2029-30,E14001170,Chorley,-95.79,-0.1677
2029-30,E14001171,Christchurch,-95.27,-0.1729
2029-30,E14001172,Cities of London and Westminster,-63.59,-0.0502
2029-30,E14001173,City of Durham,-135.01,-0.2568
2029-30,E14001174,Clacton,-115.83,-0.2263
2029-30,E14001175,Clapham and Brixton Hill,-62.0,-0.0806
2029-30,E14001176,Colchester,-111.06,-0.1864
2029-30,E14001177,Colne Valley,-124.32,-0.2226
2029-30,E14001178,Congleton,-77.25,-0.1218
2029-30,E14001179,Corby and East Northamptonshire,-134.33,-0.2322
2029-30,E14001180,Coventry East,-215.06,-0.4122
2029-30,E14001181,Coventry North West,-147.47,-0.2853
2029-30,E14001182,Coventry South,-208.11,-0.4126
2029-30,E14001183,Cramlington and Killingworth,-116.89,-0.217
2029-30,E14001184,Crawley,-144.33,-0.25
2029-30,E14001185,Crewe and Nantwich,-119.63,-0.2111
2029-30,E14001186,Croydon East,-146.45,-0.2421
2029-30,E14001187,Croydon South,-93.76,-0.1371
2029-30,E14001188,Croydon West,-147.67,-0.2455
2029-30,E14001189,Dagenham and Rainham,-187.14,-0.3417
2029-30,E14001190,Darlington,-135.77,-0.2559
2029-30,E14001191,Dartford,-128.27,-0.2066
2029-30,E14001192,Daventry,-100.1,-0.166
2029-30,E14001193,Derby North,-123.76,-0.2214
2029-30,E14001194,Derby South,-223.35,-0.4261
2029-30,E14001195,Derbyshire Dales,-82.04,-0.1501
2029-30,E14001196,Dewsbury and Batley,-149.38,-0.279
2029-30,E14001197,Didcot and Wantage,-93.62,-0.1375
2029-30,E14001198,Doncaster Central,-135.24,-0.2535
2029-30,E14001199,Doncaster East and the Isle of Axholme,-112.01,-0.2147
2029-30,E14001200,Doncaster North,-176.63,-0.3373
2029-30,E14001201,Dorking and Horley,-93.98,-0.1261
2029-30,E14001202,Dover and Deal,-114.2,-0.2127
2029-30,E14001203,Droitwich and Evesham,-90.53,-0.1541
2029-30,E14001204,Dudley,-151.95,-0.3064
2029-30,E14001205,Dulwich and West Norwood,-82.3,-0.0984
2029-30,E14001206,Dunstable and Leighton Buzzard,-85.08,-0.1372
2029-30,E14001207,Ealing Central and Acton,-92.71,-0.1178
2029-30,E14001208,Ealing North,-153.99,-0.2592
2029-30,E14001209,Ealing Southall,-129.27,-0.203
2029-30,E14001210,Earley and Woodley,-109.99,-0.1653
2029-30,E14001211,Easington,-124.41,-0.2383
2029-30,E14001212,East Grinstead and Uckfield,-98.7,-0.155
2029-30,E14001213,East Ham,-147.19,-0.2611
2029-30,E14001214,East Hampshire,-107.2,-0.1687
2029-30,E14001215,East Surrey,-90.41,-0.1208
2029-30,E14001216,East Thanet,-128.18,-0.2374
2029-30,E14001217,East Wiltshire,-108.26,-0.1831
2029-30,E14001218,East Worthing and Shoreham,-104.74,-0.1825
2029-30,E14001219,Eastbourne,-125.05,-0.2404
2029-30,E14001220,Eastleigh,-115.9,-0.1879
2029-30,E14001221,Edmonton and Winchmore Hill,-186.88,-0.3227
2029-30,E14001222,Ellesmere Port and Bromborough,-107.72,-0.1923
2029-30,E14001223,Eltham and Chislehurst,-142.54,-0.213
2029-30,E14001224,Ely and East Cambridgeshire,-91.17,-0.1439
2029-30,E14001225,Enfield North,-212.61,-0.3689
2029-30,E14001226,Epping Forest,-112.88,-0.1629
2029-30,E14001227,Epsom and Ewell,-110.7,-0.1633
2029-30,E14001228,Erewash,-105.8,-0.1925
2029-30,E14001229,Erith and Thamesmead,-173.92,-0.2865
2029-30,E14001230,Esher and Walton,-98.2,-0.0929
2029-30,E14001231,Exeter,-125.8,-0.2383
2029-30,E14001232,Exmouth and Exeter East,-111.76,-0.2007
2029-30,E14001233,Fareham and Waterlooville,-96.28,-0.1585
2029-30,E14001234,Farnham and Bordon,-107.42,-0.1434
2029-30,E14001235,Faversham and Mid Kent,-106.52,-0.1737
2029-30,E14001236,Feltham and Heston,-133.69,-0.2343
2029-30,E14001237,Filton and Bradley Stoke,-103.53,-0.1781
2029-30,E14001238,Finchley and Golders Green,-131.57,-0.1648
2029-30,E14001239,Folkestone and Hythe,-112.37,-0.2073
2029-30,E14001240,Forest of Dean,-104.83,-0.2032
2029-30,E14001241,Frome and East Somerset,-108.02,-0.1853
2029-30,E14001242,Fylde,-78.57,-0.1471
2029-30,E14001243,Gainsborough,-105.18,-0.1945
2029-30,E14001244,Gateshead Central and Whickham,-128.7,-0.2432
2029-30,E14001245,Gedling,-125.99,-0.2384
2029-30,E14001246,Gillingham and Rainham,-120.75,-0.2082
2029-30,E14001247,Glastonbury and Somerton,-103.19,-0.183
2029-30,E14001248,Gloucester,-105.38,-0.1916
2029-30,E14001249,Godalming and Ash,-108.02,-0.1433
2029-30,E14001250,Goole and Pocklington,-106.53,-0.1961
2029-30,E14001251,Gorton and Denton,-197.45,-0.3774
2029-30,E14001252,Gosport,-107.83,-0.1956
2029-30,E14001253,Grantham and Bourne,-103.3,-0.1796
2029-30,E14001254,Gravesham,-132.1,-0.2214
2029-30,E14001255,Great Grimsby and Cleethorpes,-152.16,-0.2897
2029-30,E14001256,Great Yarmouth,-127.86,-0.2545
2029-30,E14001257,Greenwich and Woolwich,-97.67,-0.1265
2029-30,E14001258,Guildford,-112.82,-0.16
2029-30,E14001259,Hackney North and Stoke Newington,-179.08,-0.2763
2029-30,E14001260,Hackney South and Shoreditch,-114.37,-0.1643
2029-30,E14001261,Halesowen,-114.5,-0.2124
2029-30,E14001262,Halifax,-131.68,-0.2579
2029-30,E14001263,Hamble Valley,-102.89,-0.1763
2029-30,E14001264,Hammersmith and Chiswick,-76.42,-0.0945
2029-30,E14001265,Hampstead and Highgate,-88.33,-0.0829
2029-30,E14001266,"Harborough, Oadby and Wigston",-102.67,-0.1728
2029-30,E14001267,Harlow,-108.47,-0.1812
2029-30,E14001268,Harpenden and Berkhamsted,-100.02,-0.127
2029-30,E14001269,Harrogate and Knaresborough,-94.12,-0.156
2029-30,E14001270,Harrow East,-130.18,-0.2034
2029-30,E14001271,Harrow West,-149.6,-0.2429
2029-30,E14001272,Hartlepool,-119.66,-0.2439
2029-30,E14001273,Harwich and North Essex,-117.67,-0.2082
2029-30,E14001274,Hastings and Rye,-124.21,-0.246
2029-30,E14001275,Havant,-82.0,-0.1735
2029-30,E14001276,Hayes and Harlington,-204.27,-0.3644
2029-30,E14001277,Hazel Grove,-74.74,-0.1421
2029-30,E14001278,Hemel Hempstead,-128.1,-0.2039
2029-30,E14001279,Hendon,-127.0,-0.1861
2029-30,E14001280,Henley and Thame,-85.4,-0.1156
2029-30,E14001281,Hereford and South Herefordshire,-126.49,-0.2414
2029-30,E14001282,Herne Bay and Sandwich,-127.34,-0.2374
2029-30,E14001283,Hertford and Stortford,-95.88,-0.144
2029-30,E14001284,Hertsmere,-105.19,-0.1564
2029-30,E14001285,Hexham,-95.0,-0.1682
2029-30,E14001286,Heywood and Middleton North,-126.06,-0.2309
2029-30,E14001287,High Peak,-105.84,-0.1973
2029-30,E14001288,Hinckley and Bosworth,-112.88,-0.2003
2029-30,E14001289,Hitchin,-97.17,-0.1299
2029-30,E14001290,Holborn and St Pancras,-103.54,-0.1334
2029-30,E14001291,Honiton and Sidmouth,-101.6,-0.1842
2029-30,E14001292,Hornchurch and Upminster,-103.95,-0.1565
2029-30,E14001293,Hornsey and Friern Barnet,-83.69,-0.0994
2029-30,E14001294,Horsham,-100.46,-0.151
2029-30,E14001295,Houghton and Sunderland South,-130.8,-0.2545
2029-30,E14001296,Hove and Portslade,-92.06,-0.1507
2029-30,E14001297,Huddersfield,-142.32,-0.2714
2029-30,E14001298,Huntingdon,-116.69,-0.1923
2029-30,E14001299,Hyndburn,-162.17,-0.3156
2029-30,E14001300,Ilford North,-163.45,-0.2709
2029-30,E14001301,Ilford South,-207.42,-0.3598
2029-30,E14001302,Ipswich,-134.75,-0.2385
2029-30,E14001303,Isle of Wight East,-90.07,-0.178
2029-30,E14001304,Isle of Wight West,-88.82,-0.1732
2029-30,E14001305,Islington North,-105.91,-0.145
2029-30,E14001306,Islington South and Finsbury,-69.38,-0.08
2029-30,E14001307,Jarrow and Gateshead East,-115.12,-0.2141
2029-30,E14001308,Keighley and Ilkley,-142.87,-0.2507
2029-30,E14001309,Kenilworth and Southam,-85.63,-0.1332
2029-30,E14001310,Kensington and Bayswater,-87.04,-0.0405
2029-30,E14001311,Kettering,-129.07,-0.2247
2029-30,E14001312,Kingston and Surbiton,-110.08,-0.159
2029-30,E14001313,Kingston upon Hull East,-138.21,-0.2717
2029-30,E14001314,Kingston upon Hull North and Cottingham,-165.4,-0.3112
2029-30,E14001315,Kingston upon Hull West and Haltemprice,-107.9,-0.2048
2029-30,E14001316,Kingswinford and South Staffordshire,-113.67,-0.2024
2029-30,E14001317,Knowsley,-143.4,-0.2742
2029-30,E14001318,Lancaster and Wyre,-122.72,-0.2309
2029-30,E14001319,Leeds Central and Headingley,-166.74,-0.3096
2029-30,E14001320,Leeds East,-211.02,-0.3887
2029-30,E14001321,Leeds North East,-122.27,-0.2128
2029-30,E14001322,Leeds North West,-108.06,-0.185
2029-30,E14001323,Leeds South,-196.95,-0.3977
2029-30,E14001324,Leeds South West and Morley,-110.95,-0.1991
2029-30,E14001325,Leeds West and Pudsey,-123.28,-0.2238
2029-30,E14001326,Leicester East,-182.34,-0.365
2029-30,E14001327,Leicester South,-233.49,-0.4681
2029-30,E14001328,Leicester West,-180.15,-0.3605
2029-30,E14001329,Leigh and Atherton,-139.57,-0.2564
2029-30,E14001330,Lewes,-103.94,-0.1835
2029-30,E14001331,Lewisham East,-123.21,-0.1895
2029-30,E14001332,Lewisham North,-95.76,-0.149
2029-30,E14001333,Lewisham West and East Dulwich,-105.14,-0.1541
2029-30,E14001334,Leyton and Wanstead,-109.12,-0.1672
2029-30,E14001335,Lichfield,-105.75,-0.1766
2029-30,E14001336,Lincoln,-119.51,-0.2242
2029-30,E14001337,Liverpool Garston,-131.22,-0.2409
2029-30,E14001338,Liverpool Riverside,-136.9,-0.2767
2029-30,E14001339,Liverpool Walton,-142.23,-0.2738
2029-30,E14001340,Liverpool Wavertree,-150.57,-0.2967
2029-30,E14001341,Liverpool West Derby,-155.44,-0.2971
2029-30,E14001342,Loughborough,-116.89,-0.2131
2029-30,E14001343,Louth and Horncastle,-101.35,-0.1989
2029-30,E14001344,Lowestoft,-131.52,-0.2575
2029-30,E14001345,Luton North,-208.65,-0.3807
2029-30,E14001346,Luton South and South Bedfordshire,-183.29,-0.3332
2029-30,E14001347,Macclesfield,-99.91,-0.1618
2029-30,E14001348,Maidenhead,-94.78,-0.123
2029-30,E14001349,Maidstone and Malling,-112.71,-0.1797
2029-30,E14001350,Makerfield,-129.75,-0.237
2029-30,E14001351,Maldon,-86.25,-0.133
2029-30,E14001352,Manchester Central,-168.64,-0.3384
2029-30,E14001353,Manchester Rusholme,-158.24,-0.3261
2029-30,E14001354,Manchester Withington,-98.66,-0.1715
2029-30,E14001355,Mansfield,-120.03,-0.2294
2029-30,E14001356,Melksham and Devizes,-129.66,-0.2248
2029-30,E14001357,Melton and Syston,-103.73,-0.1792
2029-30,E14001358,Meriden and Solihull East,-97.52,-0.1591
2029-30,E14001359,Mid Bedfordshire,-99.57,-0.1588
2029-30,E14001360,Mid Buckinghamshire,-114.7,-0.1743
2029-30,E14001361,Mid Cheshire,-108.73,-0.1817
2029-30,E14001362,Mid Derbyshire,-87.4,-0.1559
2029-30,E14001363,Mid Dorset and North Poole,-104.67,-0.1922
2029-30,E14001364,Mid Leicestershire,-114.77,-0.2006
2029-30,E14001365,Mid Norfolk,-97.63,-0.1826
2029-30,E14001366,Mid Sussex,-85.53,-0.1308
2029-30,E14001367,Middlesbrough and Thornaby East,-157.61,-0.304
2029-30,E14001368,Middlesbrough South and East Cleveland,-119.79,-0.2182
2029-30,E14001369,Milton Keynes Central,-126.13,-0.205
2029-30,E14001370,Milton Keynes North,-110.39,-0.178
2029-30,E14001371,Mitcham and Morden,-106.83,-0.1653
2029-30,E14001372,Morecambe and Lunesdale,-115.66,-0.2144
2029-30,E14001373,New Forest East,-100.71,-0.1734
2029-30,E14001374,New Forest West,-81.46,-0.1456
2029-30,E14001375,Newark,-99.01,-0.1802
2029-30,E14001376,Newbury,-90.47,-0.1309
2029-30,E14001377,Newcastle upon Tyne Central and West,-225.81,-0.429
2029-30,E14001378,Newcastle upon Tyne East and Wallsend,-128.99,-0.2513
2029-30,E14001379,Newcastle upon Tyne North,-156.56,-0.2865
2029-30,E14001380,Newcastle-under-Lyme,-103.32,-0.1898
2029-30,E14001381,Newton Abbot,-99.95,-0.1833
2029-30,E14001382,Newton Aycliffe and Spennymoor,-123.15,-0.2343
2029-30,E14001383,Normanton and Hemsworth,-143.22,-0.2732
2029-30,E14001384,North Bedfordshire,-91.12,-0.1447
2029-30,E14001385,North Cornwall,-120.11,-0.237
2029-30,E14001386,North Cotswolds,-95.19,-0.1601
2029-30,E14001387,North Devon,-102.9,-0.1978
2029-30,E14001388,North Dorset,-98.77,-0.172
2029-30,E14001389,North Durham,-106.34,-0.1995
2029-30,E14001390,North East Cambridgeshire,-99.94,-0.1755
2029-30,E14001391,North East Derbyshire,-89.99,-0.1675
2029-30,E14001392,North East Hampshire,-90.99,-0.1245
2029-30,E14001393,North East Hertfordshire,-90.69,-0.1356
2029-30,E14001394,North East Somerset and Hanham,-115.8,-0.198
2029-30,E14001395,North Herefordshire,-91.7,-0.1689
2029-30,E14001396,North Norfolk,-88.41,-0.1683
2029-30,E14001397,North Northumberland,-77.05,-0.1539
2029-30,E14001398,North Shropshire,-89.5,-0.1728
2029-30,E14001399,North Somerset,-92.46,-0.1523
2029-30,E14001400,North Warwickshire and Bedworth,-138.42,-0.2555
2029-30,E14001401,North West Cambridgeshire,-126.5,-0.223
2029-30,E14001402,North West Essex,-105.69,-0.1539
2029-30,E14001403,North West Hampshire,-113.69,-0.1802
2029-30,E14001404,North West Leicestershire,-99.15,-0.1696
2029-30,E14001405,North West Norfolk,-116.22,-0.2172
2029-30,E14001406,Northampton North,-135.35,-0.2456
2029-30,E14001407,Northampton South,-137.31,-0.2339
2029-30,E14001408,Norwich North,-113.11,-0.2065
2029-30,E14001409,Norwich South,-140.24,-0.2592
2029-30,E14001410,Nottingham East,-224.57,-0.4722
2029-30,E14001411,Nottingham North and Kimberley,-188.28,-0.3564
2029-30,E14001412,Nottingham South,-280.43,-0.5813
2029-30,E14001413,Nuneaton,-122.65,-0.2265
2029-30,E14001414,Old Bexley and Sidcup,-103.14,-0.1678
2029-30,E14001415,Oldham East and Saddleworth,-208.26,-0.3937
2029-30,E14001416,"Oldham West, Chadderton and Royton",-212.74,-0.4231
2029-30,E14001417,Orpington,-114.86,-0.1741
2029-30,E14001418,Ossett and Denby Dale,-151.87,-0.2811
2029-30,E14001419,Oxford East,-170.42,-0.3049
2029-30,E14001420,Oxford West and Abingdon,-101.37,-0.1654
2029-30,E14001421,Peckham,-100.15,-0.1494
2029-30,E14001422,Pendle and Clitheroe,-149.86,-0.2866
2029-30,E14001423,Penistone and Stocksbridge,-75.25,-0.1498
2029-30,E14001424,Penrith and Solway,-101.23,-0.1953
2029-30,E14001425,Peterborough,-177.97,-0.3391
2029-30,E14001426,Plymouth Moor View,-165.21,-0.3179
2029-30,E14001427,Plymouth Sutton and Devonport,-142.86,-0.2776
2029-30,E14001428,"Pontefract, Castleford and Knottingley",-109.41,-0.2002
2029-30,E14001429,Poole,-98.72,-0.1815
2029-30,E14001430,Poplar and Limehouse,-139.74,-0.186
2029-30,E14001431,Portsmouth North,-144.13,-0.2645
2029-30,E14001432,Portsmouth South,-166.34,-0.3263
2029-30,E14001433,Preston,-185.86,-0.3609
2029-30,E14001434,Putney,-80.92,-0.093
2029-30,E14001435,Queen's Park and Maida Vale,-109.94,-0.1122
2029-30,E14001436,Rawmarsh and Conisbrough,-137.74,-0.2579
2029-30,E14001437,Rayleigh and Wickford,-101.67,-0.1726
2029-30,E14001438,Reading Central,-121.51,-0.1924
2029-30,E14001439,Reading West and Mid Berkshire,-111.34,-0.1735
2029-30,E14001440,Redcar,-134.03,-0.257
2029-30,E14001441,Redditch,-113.67,-0.2041
2029-30,E14001442,Reigate,-97.19,-0.137
2029-30,E14001443,Ribble Valley,-97.07,-0.1744
2029-30,E14001444,Richmond and Northallerton,-103.1,-0.1889
2029-30,E14001445,Richmond Park,-102.5,-0.0948
2029-30,E14001446,Rochdale,-193.55,-0.3801
2029-30,E14001447,Rochester and Strood,-137.48,-0.2411
2029-30,E14001448,Romford,-137.16,-0.2275
2029-30,E14001449,Romsey and Southampton North,-109.41,-0.1762
2029-30,E14001450,Rossendale and Darwen,-132.14,-0.2419
2029-30,E14001451,Rother Valley,-117.36,-0.2108
2029-30,E14001452,Rotherham,-150.97,-0.2914
2029-30,E14001453,Rugby,-113.65,-0.2019
2029-30,E14001454,"Ruislip, Northwood and Pinner",-96.68,-0.1437
2029-30,E14001455,Runcorn and Helsby,-125.47,-0.2219
2029-30,E14001456,Runnymede and Weybridge,-110.54,-0.1336
2029-30,E14001457,Rushcliffe,-104.59,-0.1733
2029-30,E14001458,Rutland and Stamford,-110.56,-0.188
2029-30,E14001459,Salford,-97.05,-0.1709
2029-30,E14001460,Salisbury,-99.91,-0.1753
2029-30,E14001461,Scarborough and Whitby,-102.73,-0.2087
2029-30,E14001462,Scunthorpe,-132.89,-0.2569
2029-30,E14001463,Sefton Central,-106.8,-0.1834
2029-30,E14001464,Selby,-94.43,-0.1693
2029-30,E14001465,Sevenoaks,-101.71,-0.1256
2029-30,E14001466,Sheffield Brightside and Hillsborough,-231.95,-0.4661
2029-30,E14001467,Sheffield Central,-106.91,-0.2537
2029-30,E14001468,Sheffield Hallam,-101.51,-0.1801
2029-30,E14001469,Sheffield Heeley,-131.32,-0.2568
2029-30,E14001470,Sheffield South East,-161.57,-0.3181
2029-30,E14001471,Sherwood Forest,-123.37,-0.2288
2029-30,E14001472,Shipley,-105.09,-0.1854
2029-30,E14001473,Shrewsbury,-92.87,-0.1628
2029-30,E14001474,Sittingbourne and Sheppey,-150.08,-0.2663
2029-30,E14001475,Skipton and Ripon,-95.07,-0.1649
2029-30,E14001476,Sleaford and North Hykeham,-101.41,-0.1781
2029-30,E14001477,Slough,-127.27,-0.2116
2029-30,E14001478,Smethwick,-209.52,-0.3965
2029-30,E14001479,Solihull West and Shirley,-99.76,-0.1611
2029-30,E14001480,South Basildon and East Thurrock,-136.5,-0.2351
2029-30,E14001481,South Cambridgeshire,-95.99,-0.1383
2029-30,E14001482,South Cotswolds,-92.76,-0.1506
2029-30,E14001483,South Derbyshire,-110.01,-0.1927
2029-30,E14001484,South Devon,-85.93,-0.168
2029-30,E14001485,South Dorset,-95.4,-0.1848
2029-30,E14001486,South East Cornwall,-102.57,-0.2008
2029-30,E14001487,South Holland and The Deepings,-103.86,-0.1913
2029-30,E14001488,South Leicestershire,-88.28,-0.1478
2029-30,E14001489,South Norfolk,-109.31,-0.1927
2029-30,E14001490,South Northamptonshire,-106.35,-0.1659
2029-30,E14001491,South Ribble,-106.38,-0.1909
2029-30,E14001492,South Shields,-133.58,-0.2608
2029-30,E14001493,South Shropshire,-86.21,-0.16
2029-30,E14001494,South Suffolk,-96.44,-0.1648
2029-30,E14001495,South West Devon,-95.22,-0.1683
2029-30,E14001496,South West Hertfordshire,-110.59,-0.1546
2029-30,E14001497,South West Norfolk,-115.5,-0.2107
2029-30,E14001498,South West Wiltshire,-103.77,-0.1823
2029-30,E14001499,Southampton Itchen,-119.56,-0.217
2029-30,E14001500,Southampton Test,-111.15,-0.2035
2029-30,E14001501,Southend East and Rochford,-132.51,-0.2361
2029-30,E14001502,Southend West and Leigh,-101.23,-0.1635
2029-30,E14001503,Southgate and Wood Green,-101.14,-0.1314
2029-30,E14001504,Southport,-98.69,-0.1795
2029-30,E14001505,Spelthorne,-105.73,-0.1693
2029-30,E14001506,Spen Valley,-175.15,-0.3319
2029-30,E14001507,St Albans,-101.52,-0.1327
2029-30,E14001508,St Austell and Newquay,-117.62,-0.2311
2029-30,E14001509,St Helens North,-104.74,-0.1944
2029-30,E14001510,St Helens South and Whiston,-118.14,-0.2185
2029-30,E14001511,St Ives,-109.48,-0.2188
2029-30,E14001512,St Neots and Mid Cambridgeshire,-83.75,-0.1275
2029-30,E14001513,Stafford,-87.41,-0.1537
2029-30,E14001514,Staffordshire Moorlands,-94.95,-0.1724
2029-30,E14001515,Stalybridge and Hyde,-151.88,-0.2809
2029-30,E14001516,Stevenage,-121.81,-0.1985
2029-30,E14001517,Stockport,-110.49,-0.1933
2029-30,E14001518,Stockton North,-140.62,-0.2652
2029-30,E14001519,Stockton West,-111.43,-0.1961
2029-30,E14001520,Stoke-on-Trent Central,-177.33,-0.3452
2029-30,E14001521,Stoke-on-Trent North,-145.98,-0.2879
2029-30,E14001522,Stoke-on-Trent South,-125.24,-0.2292
2029-30,E14001523,"Stone, Great Wyrley and Penkridge",-88.99,-0.1526
2029-30,E14001524,Stourbridge,-129.96,-0.2403
2029-30,E14001525,Stratford and Bow,-114.84,-0.1853
2029-30,E14001526,Stratford-on-Avon,-88.67,-0.1405
2029-30,E14001527,Streatham and Croydon North,-90.82,-0.1333
2029-30,E14001528,Stretford and Urmston,-105.71,-0.1855
2029-30,E14001529,Stroud,-104.25,-0.1818
2029-30,E14001530,Suffolk Coastal,-90.02,-0.1574
2029-30,E14001531,Sunderland Central,-105.53,-0.2026
2029-30,E14001532,Surrey Heath,-88.81,-0.1276
2029-30,E14001533,Sussex Weald,-115.53,-0.1872
2029-30,E14001534,Sutton and Cheam,-95.7,-0.1395
2029-30,E14001535,Sutton Coldfield,-92.0,-0.1432
2029-30,E14001536,Swindon North,-98.21,-0.1638
2029-30,E14001537,Swindon South,-112.69,-0.1899
2029-30,E14001538,Tamworth,-112.55,-0.1978
2029-30,E14001539,Tatton,-83.48,-0.1203
2029-30,E14001540,Taunton and Wellington,-88.76,-0.159
2029-30,E14001541,Telford,-157.09,-0.2923
2029-30,E14001542,Tewkesbury,-114.78,-0.2033
2029-30,E14001543,The Wrekin,-115.89,-0.2084
2029-30,E14001544,Thirsk and Malton,-91.88,-0.165
2029-30,E14001545,Thornbury and Yate,-106.45,-0.1825
2029-30,E14001546,Thurrock,-129.56,-0.2124
2029-30,E14001547,Tipton and Wednesbury,-189.45,-0.3591
2029-30,E14001548,Tiverton and Minehead,-122.22,-0.2273
2029-30,E14001549,Tonbridge,-92.83,-0.1277
2029-30,E14001550,Tooting,-75.08,-0.0861
2029-30,E14001551,Torbay,-113.8,-0.2258
2029-30,E14001552,Torridge and Tavistock,-99.27,-0.1923
2029-30,E14001553,Tottenham,-136.36,-0.2322
2029-30,E14001554,Truro and Falmouth,-95.22,-0.174
2029-30,E14001555,Tunbridge Wells,-82.42,-0.1129
2029-30,E14001556,Twickenham,-81.53,-0.093
2029-30,E14001557,Tynemouth,-102.89,-0.1791
2029-30,E14001558,Uxbridge and South Ruislip,-128.35,-0.2036
2029-30,E14001559,Vauxhall and Camberwell Green,-64.07,-0.0871
2029-30,E14001560,Wakefield and Rothwell,-112.42,-0.1942
2029-30,E14001561,Wallasey,-126.63,-0.2425
2029-30,E14001562,Walsall and Bloxwich,-206.53,-0.4014
2029-30,E14001563,Walthamstow,-144.03,-0.2297
2029-30,E14001564,Warrington North,-134.06,-0.2414
2029-30,E14001565,Warrington South,-101.14,-0.165
2029-30,E14001566,Warwick and Leamington,-78.1,-0.1194
2029-30,E14001567,Washington and Gateshead South,-134.47,-0.2588
2029-30,E14001568,Watford,-120.92,-0.1881
2029-30,E14001569,Waveney Valley,-118.5,-0.2075
2029-30,E14001570,Weald of Kent,-117.6,-0.1962
2029-30,E14001571,Wellingborough and Rushden,-110.82,-0.198
2029-30,E14001572,Wells and Mendip Hills,-105.57,-0.1918
2029-30,E14001573,Welwyn Hatfield,-116.29,-0.1863
2029-30,E14001574,West Bromwich,-151.72,-0.2916
2029-30,E14001575,West Dorset,-95.92,-0.1737
2029-30,E14001576,West Ham and Beckton,-123.94,-0.2211
2029-30,E14001577,West Lancashire,-127.91,-0.2303
2029-30,E14001578,West Suffolk,-120.67,-0.2089
2029-30,E14001579,West Worcestershire,-100.41,-0.1755
2029-30,E14001580,Westmorland and Lonsdale,-83.1,-0.1574
2029-30,E14001581,Weston-super-Mare,-102.89,-0.1867
2029-30,E14001582,Wetherby and Easingwold,-108.56,-0.1846
2029-30,E14001583,Whitehaven and Workington,-105.18,-0.1908
2029-30,E14001584,Widnes and Halewood,-126.83,-0.2321
2029-30,E14001585,Wigan,-98.48,-0.1792
2029-30,E14001586,Wimbledon,-82.11,-0.0821
2029-30,E14001587,Winchester,-105.37,-0.1505
2029-30,E14001588,Windsor,-98.94,-0.1268
2029-30,E14001589,Wirral West,-114.82,-0.2007
2029-30,E14001590,Witham,-105.04,-0.169
2029-30,E14001591,Witney,-79.33,-0.1207
2029-30,E14001592,Woking,-98.63,-0.1346
2029-30,E14001593,Wokingham,-104.08,-0.1489
2029-30,E14001594,Wolverhampton North East,-187.61,-0.3597
2029-30,E14001595,Wolverhampton South East,-164.64,-0.314
2029-30,E14001596,Wolverhampton West,-137.09,-0.2507
2029-30,E14001597,Worcester,-108.45,-0.1955
2029-30,E14001598,Worsley and Eccles,-117.41,-0.2063
2029-30,E14001599,Worthing West,-81.8,-0.1445
2029-30,E14001600,Wycombe,-119.93,-0.1848
2029-30,E14001601,Wyre Forest,-109.87,-0.2038
2029-30,E14001602,Wythenshawe and Sale East,-134.51,-0.2347
2029-30,E14001603,Yeovil,-114.84,-0.2162
2029-30,E14001604,York Central,-118.66,-0.223
2029-30,E14001605,York Outer,-121.41,-0.2088
2029-30,N05000001,Belfast East,-177.33,-0.2736
2029-30,N05000002,Belfast North,-188.48,-0.3331
2029-30,N05000003,Belfast South and Mid Down,-151.57,-0.2255
2029-30,N05000004,Belfast West,-181.94,-0.3249
2029-30,N05000005,East Antrim,-178.93,-0.304
2029-30,N05000006,East Londonderry,-167.72,-0.3002
2029-30,N05000007,Fermanagh and South Tyrone,-152.16,-0.2586
2029-30,N05000008,Foyle,-170.0,-0.2937
2029-30,N05000009,Lagan Valley,-119.81,-0.1876
2029-30,N05000010,Mid Ulster,-151.82,-0.2596
2029-30,N05000011,Newry and Armagh,-129.52,-0.2301
2029-30,N05000012,North Antrim,-123.44,-0.2104
2029-30,N05000013,North Down,-160.16,-0.2615
2029-30,N05000014,South Antrim,-143.43,-0.2439
2029-30,N05000015,South Down,-124.58,-0.2131
2029-30,N05000016,Strangford,-159.78,-0.2758
2029-30,N05000017,Upper Bann,-135.24,-0.2238
2029-30,N05000018,West Tyrone,-157.71,-0.2833
2029-30,S14000021,East Renfrewshire,-17.04,-0.0333
2029-30,S14000027,Na h-Eileanan an Iar,-33.06,-0.0651
2029-30,S14000045,Midlothian,-5.1,-0.0099
2029-30,S14000048,North Ayrshire and Arran,2.03,0.0035
2029-30,S14000051,Orkney and Shetland,1.84,0.0046
2029-30,S14000060,Aberdeen North,-3.19,-0.006
2029-30,S14000061,Aberdeen South,2.42,0.0042
2029-30,S14000062,Aberdeenshire North and Moray East,-10.14,-0.0198
2029-30,S14000063,Airdrie and Shotts,-0.59,-0.0012
2029-30,S14000064,Alloa and Grangemouth,4.06,0.0066
2029-30,S14000065,Angus and Perthshire Glens,-6.4,-0.0118
2029-30,S14000066,Arbroath and Broughty Ferry,-10.69,-0.0182
2029-30,S14000067,"Argyll, Bute and South Lochaber",-7.28,-0.014
2029-30,S14000068,Bathgate and Linlithgow,-10.67,-0.0214
2029-30,S14000069,"Caithness, Sutherland and Easter Ross",11.18,0.0199
2029-30,S14000070,Coatbridge and Bellshill,-3.29,-0.0064
2029-30,S14000071,Cowdenbeath and Kirkcaldy,-8.5,-0.0172
2029-30,S14000072,Cumbernauld and Kirkintilloch,-22.07,-0.0421
2029-30,S14000073,Dumfries and Galloway,7.15,0.0128
2029-30,S14000074,"Dumfriesshire, Clydesdale and Tweeddale",-41.53,-0.0876
2029-30,S14000075,Dundee Central,4.73,0.0089
2029-30,S14000076,Dunfermline and Dollar,-11.02,-0.0216
2029-30,S14000077,East Kilbride and Strathaven,-1.63,-0.0031
2029-30,S14000078,Edinburgh East and Musselburgh,-24.72,-0.0491
2029-30,S14000079,Edinburgh North and Leith,-14.19,-0.0274
2029-30,S14000080,Edinburgh South,-2.45,-0.0052
2029-30,S14000081,Edinburgh South West,1.42,0.0026
2029-30,S14000082,Edinburgh West,5.39,0.0098
2029-30,S14000083,Falkirk,-7.36,-0.0135
2029-30,S14000084,Glasgow East,7.16,0.0104
2029-30,S14000085,Glasgow North,4.72,0.007
2029-30,S14000086,Glasgow North East,-1.62,-0.0028
2029-30,S14000087,Glasgow South,6.76,0.0106
2029-30,S14000088,Glasgow South West,6.97,0.0126
2029-30,S14000089,Glasgow West,-7.17,-0.0136
2029-30,S14000090,Glenrothes and Mid Fife,-27.34,-0.0557
2029-30,S14000091,Gordon and Buchan,-31.35,-0.0627
2029-30,S14000092,Hamilton and Clyde Valley,-1.06,-0.0019
2029-30,S14000093,Inverclyde and Renfrewshire West,-15.83,-0.0311
2029-30,S14000094,"Inverness, Skye and West Ross-shire",-22.66,-0.0445
2029-30,S14000095,Livingston,-19.46,-0.0401
2029-30,S14000096,Lothian East,12.86,0.0222
2029-30,S14000097,Mid Dunbartonshire,-0.08,-0.0001
2029-30,S14000098,"Moray West, Nairn and Strathspey",-2.55,-0.0052
2029-30,S14000099,"Motherwell, Wishaw and Carluke",-4.55,-0.0094
2029-30,S14000100,North East Fife,6.21,0.0107
2029-30,S14000101,Paisley and Renfrewshire North,7.32,0.0126
2029-30,S14000102,Paisley and Renfrewshire South,0.37,0.0007
2029-30,S14000103,Perth and Kinross-shire,-21.7,-0.0414
2029-30,S14000104,Rutherglen,8.64,0.0164
2029-30,S14000105,Stirling and Strathallan,-37.8,-0.0737
2029-30,S14000106,West Dunbartonshire,3.63,0.0069
2029-30,S14000107,"Ayr, Carrick and Cumnock",-0.05,-0.0001
2029-30,S14000108,"Berwickshire, Roxburgh and Selkirk",4.12,0.0075
2029-30,S14000109,Central Ayrshire,5.05,0.0093
2029-30,S14000110,Kilmarnock and Loudoun,-1.62,-0.003
2029-30,S14000111,West Aberdeenshire and Kincardine,7.31,0.0144
2029-30,W07000081,Aberafan Maesteg,-125.29,-0.2399
2029-30,W07000082,Alyn and Deeside,-103.02,-0.1925
2029-30,W07000083,Bangor Aberconwy,-111.1,-0.2224
2029-30,W07000084,Blaenau Gwent and Rhymney,-131.16,-0.2609
2029-30,W07000085,"Brecon, Radnor and Cwm Tawe",-97.32,-0.1977
2029-30,W07000086,Bridgend,-133.66,-0.2532
2029-30,W07000087,Caerfyrddin,-100.63,-0.1995
2029-30,W07000088,Caerphilly,-126.55,-0.2421
2029-30,W07000089,Cardiff East,-152.83,-0.2873
2029-30,W07000090,Cardiff North,-124.48,-0.2163
2029-30,W07000091,Cardiff South and Penarth,-142.05,-0.2603
2029-30,W07000092,Cardiff West,-117.1,-0.2165
2029-30,W07000093,Ceredigion Preseli,-108.27,-0.2313
2029-30,W07000094,Clwyd East,-108.32,-0.21
2029-30,W07000095,Clwyd North,-117.63,-0.2272
2029-30,W07000096,Dwyfor Meirionnydd,-134.4,-0.2642
2029-30,W07000097,Gower,-128.42,-0.2392
2029-30,W07000098,Llanelli,-119.43,-0.2341
2029-30,W07000099,Merthyr Tydfil and Aberdare,-140.85,-0.2835
2029-30,W07000100,Mid and South Pembrokeshire,-116.22,-0.2347
2029-30,W07000101,Monmouthshire,-102.22,-0.1785
2029-30,W07000102,Montgomeryshire and Glyndwr,-110.28,-0.2239
2029-30,W07000103,Neath and Swansea East,-116.67,-0.2242
2029-30,W07000104,Newport East,-129.44,-0.2289
2029-30,W07000105,Newport West and Islwyn,-121.96,-0.2341
2029-30,W07000106,Pontypridd,-117.27,-0.2234
2029-30,W07000107,Rhondda and Ogmore,-128.99,-0.2399
2029-30,W07000108,Swansea West,-141.99,-0.2692
2029-30,W07000109,Torfaen,-131.43,-0.2521
2029-30,W07000110,Vale of Glamorgan,-115.66,-0.2097
2029-30,W07000111,Wrexham,-111.73,-0.2157
2029-30,W07000112,Ynys MÃ´n,-110.48,-0.2111
2030-31,E14001063,Aldershot,-103.72,-0.1719
2030-31,E14001064,Aldridge-Brownhills,-138.51,-0.2473
2030-31,E14001065,Altrincham and Sale West,-115.85,-0.1575
2030-31,E14001066,Amber Valley,-99.91,-0.1857
2030-31,E14001067,Arundel and South Downs,-100.77,-0.1634
2030-31,E14001068,Ashfield,-148.18,-0.2853
2030-31,E14001069,Ashford,-135.18,-0.2284
2030-31,E14001070,Ashton-under-Lyne,-163.34,-0.3087
2030-31,E14001071,Aylesbury,-126.31,-0.199
2030-31,E14001072,Banbury,-89.61,-0.1391
2030-31,E14001073,Barking,-266.28,-0.4591
2030-31,E14001074,Barnsley North,-138.5,-0.2597
2030-31,E14001075,Barnsley South,-139.02,-0.254
2030-31,E14001076,Barrow and Furness,-90.81,-0.1736
2030-31,E14001077,Basildon and Billericay,-144.0,-0.2408
2030-31,E14001078,Basingstoke,-108.73,-0.178
2030-31,E14001079,Bassetlaw,-111.15,-0.2016
2030-31,E14001080,Bath,-132.52,-0.2224
2030-31,E14001081,Battersea,-66.34,-0.0653
2030-31,E14001082,Beaconsfield,-95.77,-0.1182
2030-31,E14001083,Beckenham and Penge,-115.46,-0.1664
2030-31,E14001084,Bedford,-158.66,-0.2745
2030-31,E14001085,Bermondsey and Old Southwark,-62.32,-0.0833
2030-31,E14001086,Bethnal Green and Stepney,-132.03,-0.1939
2030-31,E14001087,Beverley and Holderness,-100.2,-0.1859
2030-31,E14001088,Bexhill and Battle,-98.1,-0.1699
2030-31,E14001089,Bexleyheath and Crayford,-138.2,-0.2302
2030-31,E14001090,Bicester and Woodstock,-97.88,-0.1509
2030-31,E14001091,Birkenhead,-170.56,-0.3149
2030-31,E14001092,Birmingham Edgbaston,-232.75,-0.4137
2030-31,E14001093,Birmingham Erdington,-227.95,-0.4548
2030-31,E14001094,Birmingham Hall Green and Moseley,-252.86,-0.4753
2030-31,E14001095,Birmingham Hodge Hill and Solihull North,-307.74,-0.5856
2030-31,E14001096,Birmingham Ladywood,-329.63,-0.6674
2030-31,E14001097,Birmingham Northfield,-210.55,-0.3891
2030-31,E14001098,Birmingham Perry Barr,-270.47,-0.5419
2030-31,E14001099,Birmingham Selly Oak,-179.37,-0.3424
2030-31,E14001100,Birmingham Yardley,-282.61,-0.5413
2030-31,E14001101,Bishop Auckland,-122.05,-0.2331
2030-31,E14001102,Blackburn,-217.56,-0.4201
2030-31,E14001103,Blackley and Middleton South,-236.4,-0.4526
2030-31,E14001104,Blackpool North and Fleetwood,-130.02,-0.2461
2030-31,E14001105,Blackpool South,-137.74,-0.2729
2030-31,E14001106,Blaydon and Consett,-108.71,-0.2001
2030-31,E14001107,Blyth and Ashington,-110.04,-0.1999
2030-31,E14001108,Bognor Regis and Littlehampton,-108.56,-0.2024
2030-31,E14001109,Bolsover,-108.48,-0.2061
2030-31,E14001110,Bolton North East,-190.23,-0.3551
2030-31,E14001111,Bolton South and Walkden,-216.68,-0.4006
2030-31,E14001112,Bolton West,-124.82,-0.2234
2030-31,E14001113,Bootle,-136.04,-0.2623
2030-31,E14001114,Boston and Skegness,-112.53,-0.2124
2030-31,E14001115,Bournemouth East,-129.0,-0.2305
2030-31,E14001116,Bournemouth West,-124.97,-0.2341
2030-31,E14001117,Bracknell,-102.06,-0.1522
2030-31,E14001118,Bradford East,-352.31,-0.6799
2030-31,E14001119,Bradford South,-237.16,-0.4538
2030-31,E14001120,Bradford West,-330.43,-0.6687
2030-31,E14001121,Braintree,-115.06,-0.1936
2030-31,E14001122,Brent East,-167.97,-0.2523
2030-31,E14001123,Brent West,-169.38,-0.2741
2030-31,E14001124,Brentford and Isleworth,-94.45,-0.12
2030-31,E14001125,Brentwood and Ongar,-105.61,-0.1456
2030-31,E14001126,Bridgwater,-120.66,-0.2257
2030-31,E14001127,Bridlington and The Wolds,-95.07,-0.1676
2030-31,E14001128,Brigg and Immingham,-115.76,-0.2149
2030-31,E14001129,Brighton Kemptown and Peacehaven,-111.23,-0.2001
2030-31,E14001130,Brighton Pavilion,-112.39,-0.1964
2030-31,E14001131,Bristol Central,-105.48,-0.1852
2030-31,E14001132,Bristol East,-113.46,-0.2003
2030-31,E14001133,Bristol North East,-120.57,-0.2086
2030-31,E14001134,Bristol North West,-136.19,-0.229
2030-31,E14001135,Bristol South,-150.77,-0.2804
2030-31,E14001136,Broadland and Fakenham,-106.52,-0.1905
2030-31,E14001137,Bromley and Biggin Hill,-113.36,-0.1571
2030-31,E14001138,Bromsgrove,-97.98,-0.1532
2030-31,E14001139,Broxbourne,-123.57,-0.2031
2030-31,E14001140,Broxtowe,-123.06,-0.2179
2030-31,E14001141,Buckingham and Bletchley,-113.49,-0.1687
2030-31,E14001142,Burnley,-159.06,-0.3124
2030-31,E14001143,Burton and Uttoxeter,-108.77,-0.1881
2030-31,E14001144,Bury North,-129.57,-0.2315
2030-31,E14001145,Bury South,-173.81,-0.3019
2030-31,E14001146,Bury St Edmunds and Stowmarket,-110.36,-0.1896
2030-31,E14001147,Calder Valley,-117.77,-0.208
2030-31,E14001148,Camborne and Redruth,-131.65,-0.2507
2030-31,E14001149,Cambridge,-114.86,-0.1691
2030-31,E14001150,Cannock Chase,-98.96,-0.1838
2030-31,E14001151,Canterbury,-163.43,-0.2899
2030-31,E14001152,Carlisle,-130.27,-0.2462
2030-31,E14001153,Carshalton and Wallington,-124.03,-0.1966
2030-31,E14001154,Castle Point,-115.28,-0.1988
2030-31,E14001155,Central Devon,-104.93,-0.1855
2030-31,E14001156,Central Suffolk and North Ipswich,-121.56,-0.2083
2030-31,E14001157,Chatham and Aylesford,-157.99,-0.2704
2030-31,E14001158,Cheadle,-103.04,-0.1588
2030-31,E14001159,Chelmsford,-120.84,-0.1927
2030-31,E14001160,Chelsea and Fulham,-80.44,-0.0612
2030-31,E14001161,Cheltenham,-126.45,-0.2093
2030-31,E14001162,Chesham and Amersham,-109.61,-0.1395
2030-31,E14001163,Chester North and Neston,-119.82,-0.2146
2030-31,E14001164,Chester South and Eddisbury,-114.05,-0.1942
2030-31,E14001165,Chesterfield,-104.42,-0.1916
2030-31,E14001166,Chichester,-94.44,-0.1596
2030-31,E14001167,Chingford and Woodford Green,-113.2,-0.1788
2030-31,E14001168,Chippenham,-120.19,-0.2068
2030-31,E14001169,Chipping Barnet,-124.42,-0.1724
2030-31,E14001170,Chorley,-99.5,-0.1714
2030-31,E14001171,Christchurch,-99.54,-0.1777
2030-31,E14001172,Cities of London and Westminster,-67.05,-0.0517
2030-31,E14001173,City of Durham,-142.28,-0.2659
2030-31,E14001174,Clacton,-121.32,-0.2331
2030-31,E14001175,Clapham and Brixton Hill,-65.4,-0.0835
2030-31,E14001176,Colchester,-115.83,-0.1912
2030-31,E14001177,Colne Valley,-128.44,-0.2264
2030-31,E14001178,Congleton,-80.1,-0.1243
2030-31,E14001179,Corby and East Northamptonshire,-139.46,-0.2372
2030-31,E14001180,Coventry East,-224.29,-0.4224
2030-31,E14001181,Coventry North West,-154.15,-0.2929
2030-31,E14001182,Coventry South,-217.2,-0.4232
2030-31,E14001183,Cramlington and Killingworth,-121.56,-0.222
2030-31,E14001184,Crawley,-149.37,-0.2545
2030-31,E14001185,Crewe and Nantwich,-124.2,-0.2156
2030-31,E14001186,Croydon East,-151.32,-0.2461
2030-31,E14001187,Croydon South,-97.57,-0.1403
2030-31,E14001188,Croydon West,-153.73,-0.2514
2030-31,E14001189,Dagenham and Rainham,-192.8,-0.3463
2030-31,E14001190,Darlington,-140.85,-0.2613
2030-31,E14001191,Dartford,-132.85,-0.2105
2030-31,E14001192,Daventry,-103.64,-0.1691
2030-31,E14001193,Derby North,-128.8,-0.2266
2030-31,E14001194,Derby South,-232.76,-0.4362
2030-31,E14001195,Derbyshire Dales,-85.45,-0.1539
2030-31,E14001196,Dewsbury and Batley,-155.78,-0.286
2030-31,E14001197,Didcot and Wantage,-97.11,-0.1404
2030-31,E14001198,Doncaster Central,-139.98,-0.2579
2030-31,E14001199,Doncaster East and the Isle of Axholme,-116.47,-0.2196
2030-31,E14001200,Doncaster North,-184.09,-0.3458
2030-31,E14001201,Dorking and Horley,-97.63,-0.1288
2030-31,E14001202,Dover and Deal,-118.5,-0.2171
2030-31,E14001203,Droitwich and Evesham,-93.97,-0.1574
2030-31,E14001204,Dudley,-157.73,-0.3126
2030-31,E14001205,Dulwich and West Norwood,-85.58,-0.1005
2030-31,E14001206,Dunstable and Leighton Buzzard,-88.03,-0.1397
2030-31,E14001207,Ealing Central and Acton,-95.82,-0.1196
2030-31,E14001208,Ealing North,-159.36,-0.2639
2030-31,E14001209,Ealing Southall,-133.65,-0.2065
2030-31,E14001210,Earley and Woodley,-113.91,-0.1685
2030-31,E14001211,Easington,-129.61,-0.2442
2030-31,E14001212,East Grinstead and Uckfield,-102.59,-0.1586
2030-31,E14001213,East Ham,-152.06,-0.2652
2030-31,E14001214,East Hampshire,-111.19,-0.1722
2030-31,E14001215,East Surrey,-94.29,-0.1238
2030-31,E14001216,East Thanet,-133.02,-0.2424
2030-31,E14001217,East Wiltshire,-112.56,-0.1874
2030-31,E14001218,East Worthing and Shoreham,-109.62,-0.1879
2030-31,E14001219,Eastbourne,-129.71,-0.2453
2030-31,E14001220,Eastleigh,-120.34,-0.192
2030-31,E14001221,Edmonton and Winchmore Hill,-195.22,-0.3311
2030-31,E14001222,Ellesmere Port and Bromborough,-111.37,-0.1957
2030-31,E14001223,Eltham and Chislehurst,-147.72,-0.2171
2030-31,E14001224,Ely and East Cambridgeshire,-94.83,-0.1472
2030-31,E14001225,Enfield North,-221.55,-0.3779
2030-31,E14001226,Epping Forest,-116.77,-0.1657
2030-31,E14001227,Epsom and Ewell,-114.39,-0.166
2030-31,E14001228,Erewash,-109.65,-0.1962
2030-31,E14001229,Erith and Thamesmead,-180.82,-0.2928
2030-31,E14001230,Esher and Walton,-101.97,-0.0946
2030-31,E14001231,Exeter,-131.72,-0.2454
2030-31,E14001232,Exmouth and Exeter East,-116.47,-0.2058
2030-31,E14001233,Fareham and Waterlooville,-99.96,-0.1619
2030-31,E14001234,Farnham and Bordon,-111.17,-0.1458
2030-31,E14001235,Faversham and Mid Kent,-110.3,-0.1769
2030-31,E14001236,Feltham and Heston,-138.19,-0.2383
2030-31,E14001237,Filton and Bradley Stoke,-107.95,-0.1827
2030-31,E14001238,Finchley and Golders Green,-136.16,-0.1675
2030-31,E14001239,Folkestone and Hythe,-116.94,-0.2122
2030-31,E14001240,Forest of Dean,-108.8,-0.2076
2030-31,E14001241,Frome and East Somerset,-112.43,-0.1897
2030-31,E14001242,Fylde,-81.3,-0.1498
2030-31,E14001243,Gainsborough,-108.94,-0.1983
2030-31,E14001244,Gateshead Central and Whickham,-134.48,-0.25
2030-31,E14001245,Gedling,-130.89,-0.2436
2030-31,E14001246,Gillingham and Rainham,-125.02,-0.2121
2030-31,E14001247,Glastonbury and Somerton,-107.6,-0.1877
2030-31,E14001248,Gloucester,-109.07,-0.1951
2030-31,E14001249,Godalming and Ash,-112.02,-0.1461
2030-31,E14001250,Goole and Pocklington,-110.6,-0.2003
2030-31,E14001251,Gorton and Denton,-205.89,-0.3867
2030-31,E14001252,Gosport,-112.06,-0.2
2030-31,E14001253,Grantham and Bourne,-107.26,-0.1835
2030-31,E14001254,Gravesham,-137.12,-0.2262
2030-31,E14001255,Great Grimsby and Cleethorpes,-157.76,-0.2954
2030-31,E14001256,Great Yarmouth,-133.14,-0.2607
2030-31,E14001257,Greenwich and Woolwich,-101.38,-0.1291
2030-31,E14001258,Guildford,-117.48,-0.1638
2030-31,E14001259,Hackney North and Stoke Newington,-185.06,-0.2805
2030-31,E14001260,Hackney South and Shoreditch,-119.18,-0.1682
2030-31,E14001261,Halesowen,-118.86,-0.2169
2030-31,E14001262,Halifax,-136.34,-0.2626
2030-31,E14001263,Hamble Valley,-107.14,-0.1807
2030-31,E14001264,Hammersmith and Chiswick,-80.04,-0.0972
2030-31,E14001265,Hampstead and Highgate,-93.6,-0.086
2030-31,E14001266,"Harborough, Oadby and Wigston",-106.55,-0.1764
2030-31,E14001267,Harlow,-112.35,-0.1846
2030-31,E14001268,Harpenden and Berkhamsted,-103.65,-0.1293
2030-31,E14001269,Harrogate and Knaresborough,-97.59,-0.1591
2030-31,E14001270,Harrow East,-134.54,-0.2067
2030-31,E14001271,Harrow West,-154.7,-0.2471
2030-31,E14001272,Hartlepool,-124.03,-0.2487
2030-31,E14001273,Harwich and North Essex,-122.19,-0.2128
2030-31,E14001274,Hastings and Rye,-128.67,-0.2505
2030-31,E14001275,Havant,-84.85,-0.1768
2030-31,E14001276,Hayes and Harlington,-212.8,-0.3732
2030-31,E14001277,Hazel Grove,-77.52,-0.1451
2030-31,E14001278,Hemel Hempstead,-132.27,-0.2072
2030-31,E14001279,Hendon,-131.65,-0.1896
2030-31,E14001280,Henley and Thame,-88.38,-0.1176
2030-31,E14001281,Hereford and South Herefordshire,-130.88,-0.2457
2030-31,E14001282,Herne Bay and Sandwich,-132.35,-0.2428
2030-31,E14001283,Hertford and Stortford,-99.22,-0.1466
2030-31,E14001284,Hertsmere,-108.83,-0.1591
2030-31,E14001285,Hexham,-98.47,-0.1715
2030-31,E14001286,Heywood and Middleton North,-130.77,-0.2356
2030-31,E14001287,High Peak,-110.24,-0.2022
2030-31,E14001288,Hinckley and Bosworth,-116.75,-0.2038
2030-31,E14001289,Hitchin,-100.64,-0.1323
2030-31,E14001290,Holborn and St Pancras,-108.11,-0.1367
2030-31,E14001291,Honiton and Sidmouth,-105.93,-0.1889
2030-31,E14001292,Hornchurch and Upminster,-108.03,-0.16
2030-31,E14001293,Hornsey and Friern Barnet,-87.26,-0.1018
2030-31,E14001294,Horsham,-104.59,-0.1546
2030-31,E14001295,Houghton and Sunderland South,-136.16,-0.2605
2030-31,E14001296,Hove and Portslade,-96.23,-0.1549
2030-31,E14001297,Huddersfield,-147.93,-0.2774
2030-31,E14001298,Huntingdon,-120.63,-0.1956
2030-31,E14001299,Hyndburn,-168.85,-0.3231
2030-31,E14001300,Ilford North,-169.61,-0.2765
2030-31,E14001301,Ilford South,-214.77,-0.3661
2030-31,E14001302,Ipswich,-139.64,-0.2431
2030-31,E14001303,Isle of Wight East,-94.36,-0.1835
2030-31,E14001304,Isle of Wight West,-93.5,-0.1794
2030-31,E14001305,Islington North,-110.11,-0.1481
2030-31,E14001306,Islington South and Finsbury,-72.37,-0.0818
2030-31,E14001307,Jarrow and Gateshead East,-119.34,-0.2184
2030-31,E14001308,Keighley and Ilkley,-148.98,-0.2571
2030-31,E14001309,Kenilworth and Southam,-88.8,-0.1359
2030-31,E14001310,Kensington and Bayswater,-91.05,-0.0413
2030-31,E14001311,Kettering,-133.43,-0.2286
2030-31,E14001312,Kingston and Surbiton,-114.88,-0.1631
2030-31,E14001313,Kingston upon Hull East,-143.64,-0.2778
2030-31,E14001314,Kingston upon Hull North and Cottingham,-171.82,-0.3179
2030-31,E14001315,Kingston upon Hull West and Haltemprice,-112.59,-0.2103
2030-31,E14001316,Kingswinford and South Staffordshire,-118.33,-0.2074
2030-31,E14001317,Knowsley,-148.73,-0.2799
2030-31,E14001318,Lancaster and Wyre,-129.01,-0.2386
2030-31,E14001319,Leeds Central and Headingley,-173.76,-0.3169
2030-31,E14001320,Leeds East,-218.26,-0.3953
2030-31,E14001321,Leeds North East,-126.45,-0.2166
2030-31,E14001322,Leeds North West,-112.0,-0.1887
2030-31,E14001323,Leeds South,-205.25,-0.4073
2030-31,E14001324,Leeds South West and Morley,-114.85,-0.2029
2030-31,E14001325,Leeds West and Pudsey,-127.72,-0.2282
2030-31,E14001326,Leicester East,-189.52,-0.373
2030-31,E14001327,Leicester South,-244.49,-0.481
2030-31,E14001328,Leicester West,-188.96,-0.3714
2030-31,E14001329,Leigh and Atherton,-144.52,-0.2613
2030-31,E14001330,Lewes,-107.9,-0.1874
2030-31,E14001331,Lewisham East,-127.82,-0.1933
2030-31,E14001332,Lewisham North,-99.47,-0.1522
2030-31,E14001333,Lewisham West and East Dulwich,-109.23,-0.1574
2030-31,E14001334,Leyton and Wanstead,-112.74,-0.1699
2030-31,E14001335,Lichfield,-109.59,-0.1801
2030-31,E14001336,Lincoln,-124.68,-0.2301
2030-31,E14001337,Liverpool Garston,-136.09,-0.2459
2030-31,E14001338,Liverpool Riverside,-143.89,-0.2858
2030-31,E14001339,Liverpool Walton,-147.75,-0.2798
2030-31,E14001340,Liverpool Wavertree,-157.13,-0.3043
2030-31,E14001341,Liverpool West Derby,-162.06,-0.3048
2030-31,E14001342,Loughborough,-121.85,-0.2184
2030-31,E14001343,Louth and Horncastle,-106.6,-0.2059
2030-31,E14001344,Lowestoft,-136.94,-0.2637
2030-31,E14001345,Luton North,-216.16,-0.3877
2030-31,E14001346,Luton South and South Bedfordshire,-190.54,-0.3405
2030-31,E14001347,Macclesfield,-103.65,-0.1652
2030-31,E14001348,Maidenhead,-98.47,-0.1256
2030-31,E14001349,Maidstone and Malling,-116.74,-0.1831
2030-31,E14001350,Makerfield,-134.95,-0.2426
2030-31,E14001351,Maldon,-89.59,-0.1359
2030-31,E14001352,Manchester Central,-176.43,-0.3479
2030-31,E14001353,Manchester Rusholme,-164.71,-0.3337
2030-31,E14001354,Manchester Withington,-103.01,-0.1761
2030-31,E14001355,Mansfield,-124.44,-0.234
2030-31,E14001356,Melksham and Devizes,-133.88,-0.2284
2030-31,E14001357,Melton and Syston,-107.8,-0.1832
2030-31,E14001358,Meriden and Solihull East,-101.26,-0.1625
2030-31,E14001359,Mid Bedfordshire,-103.0,-0.1617
2030-31,E14001360,Mid Buckinghamshire,-118.58,-0.1773
2030-31,E14001361,Mid Cheshire,-112.86,-0.1856
2030-31,E14001362,Mid Derbyshire,-91.03,-0.1599
2030-31,E14001363,Mid Dorset and North Poole,-108.65,-0.1964
2030-31,E14001364,Mid Leicestershire,-119.07,-0.2048
2030-31,E14001365,Mid Norfolk,-101.49,-0.1868
2030-31,E14001366,Mid Sussex,-89.15,-0.1341
2030-31,E14001367,Middlesbrough and Thornaby East,-164.52,-0.3121
2030-31,E14001368,Middlesbrough South and East Cleveland,-124.42,-0.223
2030-31,E14001369,Milton Keynes Central,-130.44,-0.2086
2030-31,E14001370,Milton Keynes North,-114.8,-0.1821
2030-31,E14001371,Mitcham and Morden,-110.53,-0.1682
2030-31,E14001372,Morecambe and Lunesdale,-120.19,-0.2192
2030-31,E14001373,New Forest East,-104.79,-0.1776
2030-31,E14001374,New Forest West,-84.95,-0.1494
2030-31,E14001375,Newark,-102.77,-0.1841
2030-31,E14001376,Newbury,-93.89,-0.1336
2030-31,E14001377,Newcastle upon Tyne Central and West,-237.34,-0.4428
2030-31,E14001378,Newcastle upon Tyne East and Wallsend,-135.43,-0.2592
2030-31,E14001379,Newcastle upon Tyne North,-163.46,-0.294
2030-31,E14001380,Newcastle-under-Lyme,-108.32,-0.1958
2030-31,E14001381,Newton Abbot,-104.26,-0.1881
2030-31,E14001382,Newton Aycliffe and Spennymoor,-128.38,-0.2402
2030-31,E14001383,Normanton and Hemsworth,-148.12,-0.2781
2030-31,E14001384,North Bedfordshire,-94.35,-0.1475
2030-31,E14001385,North Cornwall,-125.13,-0.2426
2030-31,E14001386,North Cotswolds,-98.85,-0.1636
2030-31,E14001387,North Devon,-106.62,-0.2017
2030-31,E14001388,North Dorset,-102.82,-0.1762
2030-31,E14001389,North Durham,-110.95,-0.2048
2030-31,E14001390,North East Cambridgeshire,-103.96,-0.1796
2030-31,E14001391,North East Derbyshire,-93.38,-0.1711
2030-31,E14001392,North East Hampshire,-94.22,-0.1268
2030-31,E14001393,North East Hertfordshire,-93.82,-0.138
2030-31,E14001394,North East Somerset and Hanham,-119.97,-0.2018
2030-31,E14001395,North Herefordshire,-95.38,-0.1728
2030-31,E14001396,North Norfolk,-92.43,-0.1731
2030-31,E14001397,North Northumberland,-80.89,-0.1589
2030-31,E14001398,North Shropshire,-93.06,-0.1768
2030-31,E14001399,North Somerset,-95.48,-0.1548
2030-31,E14001400,North Warwickshire and Bedworth,-143.51,-0.2606
2030-31,E14001401,North West Cambridgeshire,-130.74,-0.2268
2030-31,E14001402,North West Essex,-109.64,-0.157
2030-31,E14001403,North West Hampshire,-117.62,-0.1835
2030-31,E14001404,North West Leicestershire,-102.99,-0.1734
2030-31,E14001405,North West Norfolk,-121.53,-0.2234
2030-31,E14001406,Northampton North,-140.14,-0.2503
2030-31,E14001407,Northampton South,-141.93,-0.2379
2030-31,E14001408,Norwich North,-117.67,-0.2113
2030-31,E14001409,Norwich South,-147.14,-0.2673
2030-31,E14001410,Nottingham East,-236.41,-0.4876
2030-31,E14001411,Nottingham North and Kimberley,-196.97,-0.3662
2030-31,E14001412,Nottingham South,-296.49,-0.6028
2030-31,E14001413,Nuneaton,-126.46,-0.2298
2030-31,E14001414,Old Bexley and Sidcup,-106.56,-0.1705
2030-31,E14001415,Oldham East and Saddleworth,-216.39,-0.4018
2030-31,E14001416,"Oldham West, Chadderton and Royton",-221.81,-0.4329
2030-31,E14001417,Orpington,-118.78,-0.1771
2030-31,E14001418,Ossett and Denby Dale,-158.07,-0.2878
2030-31,E14001419,Oxford East,-177.69,-0.3127
2030-31,E14001420,Oxford West and Abingdon,-105.2,-0.1689
2030-31,E14001421,Peckham,-104.01,-0.1526
2030-31,E14001422,Pendle and Clitheroe,-155.83,-0.293
2030-31,E14001423,Penistone and Stocksbridge,-78.1,-0.1531
2030-31,E14001424,Penrith and Solway,-105.53,-0.2003
2030-31,E14001425,Peterborough,-184.63,-0.3459
2030-31,E14001426,Plymouth Moor View,-172.32,-0.326
2030-31,E14001427,Plymouth Sutton and Devonport,-148.55,-0.2835
2030-31,E14001428,"Pontefract, Castleford and Knottingley",-113.69,-0.2047
2030-31,E14001429,Poole,-102.11,-0.1847
2030-31,E14001430,Poplar and Limehouse,-144.88,-0.1895
2030-31,E14001431,Portsmouth North,-150.85,-0.2723
2030-31,E14001432,Portsmouth South,-175.07,-0.3374
2030-31,E14001433,Preston,-192.8,-0.3679
2030-31,E14001434,Putney,-83.57,-0.0943
2030-31,E14001435,Queen's Park and Maida Vale,-115.14,-0.1151
2030-31,E14001436,Rawmarsh and Conisbrough,-143.48,-0.2643
2030-31,E14001437,Rayleigh and Wickford,-105.23,-0.1759
2030-31,E14001438,Reading Central,-125.85,-0.1961
2030-31,E14001439,Reading West and Mid Berkshire,-115.23,-0.1766
2030-31,E14001440,Redcar,-139.87,-0.2638
2030-31,E14001441,Redditch,-117.64,-0.2078
2030-31,E14001442,Reigate,-100.63,-0.1395
2030-31,E14001443,Ribble Valley,-100.9,-0.1784
2030-31,E14001444,Richmond and Northallerton,-107.22,-0.1933
2030-31,E14001445,Richmond Park,-106.58,-0.0967
2030-31,E14001446,Rochdale,-201.77,-0.3897
2030-31,E14001447,Rochester and Strood,-142.05,-0.245
2030-31,E14001448,Romford,-141.83,-0.2314
2030-31,E14001449,Romsey and Southampton North,-113.37,-0.1796
2030-31,E14001450,Rossendale and Darwen,-136.99,-0.2467
2030-31,E14001451,Rother Valley,-121.57,-0.2148
2030-31,E14001452,Rotherham,-157.47,-0.2988
2030-31,E14001453,Rugby,-117.47,-0.2055
2030-31,E14001454,"Ruislip, Northwood and Pinner",-99.72,-0.1458
2030-31,E14001455,Runcorn and Helsby,-130.14,-0.2265
2030-31,E14001456,Runnymede and Weybridge,-114.84,-0.1364
2030-31,E14001457,Rushcliffe,-108.36,-0.1767
2030-31,E14001458,Rutland and Stamford,-115.0,-0.1924
2030-31,E14001459,Salford,-100.71,-0.1744
2030-31,E14001460,Salisbury,-103.77,-0.1792
2030-31,E14001461,Scarborough and Whitby,-106.9,-0.2136
2030-31,E14001462,Scunthorpe,-137.98,-0.2624
2030-31,E14001463,Sefton Central,-111.59,-0.1886
2030-31,E14001464,Selby,-97.73,-0.1724
2030-31,E14001465,Sevenoaks,-105.49,-0.128
2030-31,E14001466,Sheffield Brightside and Hillsborough,-241.43,-0.4765
2030-31,E14001467,Sheffield Central,-114.15,-0.2663
2030-31,E14001468,Sheffield Hallam,-105.88,-0.1849
2030-31,E14001469,Sheffield Heeley,-136.84,-0.2632
2030-31,E14001470,Sheffield South East,-167.92,-0.3247
2030-31,E14001471,Sherwood Forest,-127.85,-0.2333
2030-31,E14001472,Shipley,-109.4,-0.1899
2030-31,E14001473,Shrewsbury,-96.62,-0.1666
2030-31,E14001474,Sittingbourne and Sheppey,-156.05,-0.2724
2030-31,E14001475,Skipton and Ripon,-98.91,-0.1688
2030-31,E14001476,Sleaford and North Hykeham,-105.45,-0.1822
2030-31,E14001477,Slough,-131.63,-0.2153
2030-31,E14001478,Smethwick,-219.03,-0.4072
2030-31,E14001479,Solihull West and Shirley,-103.46,-0.1644
2030-31,E14001480,South Basildon and East Thurrock,-141.38,-0.2396
2030-31,E14001481,South Cambridgeshire,-99.54,-0.1411
2030-31,E14001482,South Cotswolds,-96.19,-0.1537
2030-31,E14001483,South Derbyshire,-114.37,-0.1971
2030-31,E14001484,South Devon,-89.48,-0.172
2030-31,E14001485,South Dorset,-99.58,-0.1897
2030-31,E14001486,South East Cornwall,-107.19,-0.2064
2030-31,E14001487,South Holland and The Deepings,-107.78,-0.1954
2030-31,E14001488,South Leicestershire,-92.23,-0.1519
2030-31,E14001489,South Norfolk,-113.4,-0.1967
2030-31,E14001490,South Northamptonshire,-109.92,-0.1687
2030-31,E14001491,South Ribble,-110.59,-0.1953
2030-31,E14001492,South Shields,-139.38,-0.2678
2030-31,E14001493,South Shropshire,-89.52,-0.1634
2030-31,E14001494,South Suffolk,-100.68,-0.1693
2030-31,E14001495,South West Devon,-99.0,-0.1722
2030-31,E14001496,South West Hertfordshire,-114.52,-0.1574
2030-31,E14001497,South West Norfolk,-119.72,-0.2149
2030-31,E14001498,South West Wiltshire,-107.44,-0.1857
2030-31,E14001499,Southampton Itchen,-124.59,-0.2224
2030-31,E14001500,Southampton Test,-115.16,-0.2074
2030-31,E14001501,Southend East and Rochford,-137.68,-0.2412
2030-31,E14001502,Southend West and Leigh,-105.95,-0.1683
2030-31,E14001503,Southgate and Wood Green,-104.94,-0.134
2030-31,E14001504,Southport,-102.7,-0.1838
2030-31,E14001505,Spelthorne,-109.72,-0.1729
2030-31,E14001506,Spen Valley,-182.71,-0.3404
2030-31,E14001507,St Albans,-105.08,-0.135
2030-31,E14001508,St Austell and Newquay,-122.54,-0.2368
2030-31,E14001509,St Helens North,-108.72,-0.1985
2030-31,E14001510,St Helens South and Whiston,-122.98,-0.2238
2030-31,E14001511,St Ives,-113.91,-0.224
2030-31,E14001512,St Neots and Mid Cambridgeshire,-86.73,-0.1299
2030-31,E14001513,Stafford,-91.28,-0.1579
2030-31,E14001514,Staffordshire Moorlands,-98.96,-0.1768
2030-31,E14001515,Stalybridge and Hyde,-156.74,-0.2852
2030-31,E14001516,Stevenage,-126.0,-0.2021
2030-31,E14001517,Stockport,-114.84,-0.1976
2030-31,E14001518,Stockton North,-146.57,-0.2719
2030-31,E14001519,Stockton West,-116.08,-0.201
2030-31,E14001520,Stoke-on-Trent Central,-184.16,-0.3522
2030-31,E14001521,Stoke-on-Trent North,-152.36,-0.2956
2030-31,E14001522,Stoke-on-Trent South,-129.92,-0.2339
2030-31,E14001523,"Stone, Great Wyrley and Penkridge",-92.68,-0.1564
2030-31,E14001524,Stourbridge,-134.96,-0.2456
2030-31,E14001525,Stratford and Bow,-119.51,-0.1896
2030-31,E14001526,Stratford-on-Avon,-92.11,-0.1436
2030-31,E14001527,Streatham and Croydon North,-94.35,-0.1361
2030-31,E14001528,Stretford and Urmston,-109.87,-0.1897
2030-31,E14001529,Stroud,-108.22,-0.1856
2030-31,E14001530,Suffolk Coastal,-94.7,-0.1629
2030-31,E14001531,Sunderland Central,-110.56,-0.2088
2030-31,E14001532,Surrey Heath,-92.35,-0.1305
2030-31,E14001533,Sussex Weald,-119.85,-0.1911
2030-31,E14001534,Sutton and Cheam,-99.2,-0.1422
2030-31,E14001535,Sutton Coldfield,-95.64,-0.1464
2030-31,E14001536,Swindon North,-101.99,-0.1674
2030-31,E14001537,Swindon South,-116.49,-0.1931
2030-31,E14001538,Tamworth,-116.68,-0.2017
2030-31,E14001539,Tatton,-86.59,-0.1228
2030-31,E14001540,Taunton and Wellington,-92.0,-0.1621
2030-31,E14001541,Telford,-162.68,-0.2978
2030-31,E14001542,Tewkesbury,-118.93,-0.2073
2030-31,E14001543,The Wrekin,-120.51,-0.2132
2030-31,E14001544,Thirsk and Malton,-95.92,-0.1694
2030-31,E14001545,Thornbury and Yate,-110.24,-0.186
2030-31,E14001546,Thurrock,-133.98,-0.2161
2030-31,E14001547,Tipton and Wednesbury,-196.84,-0.3669
2030-31,E14001548,Tiverton and Minehead,-126.57,-0.2316
2030-31,E14001549,Tonbridge,-96.45,-0.1304
2030-31,E14001550,Tooting,-77.69,-0.0875
2030-31,E14001551,Torbay,-118.28,-0.2309
2030-31,E14001552,Torridge and Tavistock,-103.34,-0.1968
2030-31,E14001553,Tottenham,-141.57,-0.2369
2030-31,E14001554,Truro and Falmouth,-98.77,-0.1775
2030-31,E14001555,Tunbridge Wells,-86.15,-0.116
2030-31,E14001556,Twickenham,-84.76,-0.095
2030-31,E14001557,Tynemouth,-106.87,-0.1831
2030-31,E14001558,Uxbridge and South Ruislip,-133.39,-0.2081
2030-31,E14001559,Vauxhall and Camberwell Green,-67.66,-0.0904
2030-31,E14001560,Wakefield and Rothwell,-116.47,-0.1979
2030-31,E14001561,Wallasey,-131.64,-0.248
2030-31,E14001562,Walsall and Bloxwich,-213.71,-0.4084
2030-31,E14001563,Walthamstow,-148.16,-0.2324
2030-31,E14001564,Warrington North,-138.46,-0.2454
2030-31,E14001565,Warrington South,-104.7,-0.168
2030-31,E14001566,Warwick and Leamington,-81.33,-0.1223
2030-31,E14001567,Washington and Gateshead South,-139.69,-0.2644
2030-31,E14001568,Watford,-125.19,-0.1917
2030-31,E14001569,Waveney Valley,-123.1,-0.2121
2030-31,E14001570,Weald of Kent,-121.76,-0.1999
2030-31,E14001571,Wellingborough and Rushden,-115.17,-0.2025
2030-31,E14001572,Wells and Mendip Hills,-109.7,-0.1961
2030-31,E14001573,Welwyn Hatfield,-121.18,-0.1909
2030-31,E14001574,West Bromwich,-157.59,-0.2979
2030-31,E14001575,West Dorset,-99.97,-0.178
2030-31,E14001576,West Ham and Beckton,-127.93,-0.2244
2030-31,E14001577,West Lancashire,-133.11,-0.2358
2030-31,E14001578,West Suffolk,-124.71,-0.2124
2030-31,E14001579,West Worcestershire,-104.61,-0.1799
2030-31,E14001580,Westmorland and Lonsdale,-86.29,-0.1608
2030-31,E14001581,Weston-super-Mare,-107.17,-0.1913
2030-31,E14001582,Wetherby and Easingwold,-112.77,-0.1887
2030-31,E14001583,Whitehaven and Workington,-109.38,-0.1953
2030-31,E14001584,Widnes and Halewood,-131.77,-0.2372
2030-31,E14001585,Wigan,-103.12,-0.1846
2030-31,E14001586,Wimbledon,-85.31,-0.0837
2030-31,E14001587,Winchester,-109.31,-0.1536
2030-31,E14001588,Windsor,-102.63,-0.1293
2030-31,E14001589,Wirral West,-118.88,-0.2045
2030-31,E14001590,Witham,-108.61,-0.1719
2030-31,E14001591,Witney,-82.24,-0.123
2030-31,E14001592,Woking,-101.97,-0.1368
2030-31,E14001593,Wokingham,-108.23,-0.1523
2030-31,E14001594,Wolverhampton North East,-193.97,-0.3657
2030-31,E14001595,Wolverhampton South East,-170.52,-0.3198
2030-31,E14001596,Wolverhampton West,-142.39,-0.2562
2030-31,E14001597,Worcester,-113.2,-0.2007
2030-31,E14001598,Worsley and Eccles,-121.92,-0.2108
2030-31,E14001599,Worthing West,-85.16,-0.148
2030-31,E14001600,Wycombe,-124.06,-0.1881
2030-31,E14001601,Wyre Forest,-113.91,-0.2079
2030-31,E14001602,Wythenshawe and Sale East,-139.04,-0.2387
2030-31,E14001603,Yeovil,-119.6,-0.2216
2030-31,E14001604,York Central,-124.27,-0.2294
2030-31,E14001605,York Outer,-127.14,-0.2152
2030-31,N05000001,Belfast East,-179.8,-0.2725
2030-31,N05000002,Belfast North,-192.26,-0.3339
2030-31,N05000003,Belfast South and Mid Down,-154.06,-0.2252
2030-31,N05000004,Belfast West,-184.67,-0.3239
2030-31,N05000005,East Antrim,-182.04,-0.3039
2030-31,N05000006,East Londonderry,-170.96,-0.3005
2030-31,N05000007,Fermanagh and South Tyrone,-153.83,-0.2568
2030-31,N05000008,Foyle,-173.7,-0.2949
2030-31,N05000009,Lagan Valley,-121.1,-0.1863
2030-31,N05000010,Mid Ulster,-153.83,-0.2583
2030-31,N05000011,Newry and Armagh,-130.39,-0.2276
2030-31,N05000012,North Antrim,-124.94,-0.2091
2030-31,N05000013,North Down,-162.71,-0.261
2030-31,N05000014,South Antrim,-144.88,-0.242
2030-31,N05000015,South Down,-125.65,-0.211
2030-31,N05000016,Strangford,-161.38,-0.2735
2030-31,N05000017,Upper Bann,-137.01,-0.2227
2030-31,N05000018,West Tyrone,-160.21,-0.2826
2030-31,S14000021,East Renfrewshire,-16.79,-0.0322
2030-31,S14000027,Na h-Eileanan an Iar,-33.05,-0.0639
2030-31,S14000045,Midlothian,-4.68,-0.0089
2030-31,S14000048,North Ayrshire and Arran,2.55,0.0043
2030-31,S14000051,Orkney and Shetland,2.18,0.0054
2030-31,S14000060,Aberdeen North,-2.83,-0.0052
2030-31,S14000061,Aberdeen South,2.87,0.0049
2030-31,S14000062,Aberdeenshire North and Moray East,-9.91,-0.019
2030-31,S14000063,Airdrie and Shotts,-0.11,-0.0002
2030-31,S14000064,Alloa and Grangemouth,4.57,0.0072
2030-31,S14000065,Angus and Perthshire Glens,-6.12,-0.0111
2030-31,S14000066,Arbroath and Broughty Ferry,-10.52,-0.0176
2030-31,S14000067,"Argyll, Bute and South Lochaber",-6.91,-0.0131
2030-31,S14000068,Bathgate and Linlithgow,-10.38,-0.0204
2030-31,S14000069,"Caithness, Sutherland and Easter Ross",11.62,0.0203
2030-31,S14000070,Coatbridge and Bellshill,-2.85,-0.0055
2030-31,S14000071,Cowdenbeath and Kirkcaldy,-8.18,-0.0163
2030-31,S14000072,Cumbernauld and Kirkintilloch,-21.88,-0.041
2030-31,S14000073,Dumfries and Galloway,7.65,0.0134
2030-31,S14000074,"Dumfriesshire, Clydesdale and Tweeddale",-41.61,-0.0862
2030-31,S14000075,Dundee Central,5.24,0.0097
2030-31,S14000076,Dunfermline and Dollar,-10.77,-0.0207
2030-31,S14000077,East Kilbride and Strathaven,-1.29,-0.0024
2030-31,S14000078,Edinburgh East and Musselburgh,-24.58,-0.0479
2030-31,S14000079,Edinburgh North and Leith,-13.93,-0.0264
2030-31,S14000080,Edinburgh South,-1.99,-0.0042
2030-31,S14000081,Edinburgh South West,1.86,0.0033
2030-31,S14000082,Edinburgh West,5.89,0.0105
2030-31,S14000083,Falkirk,-7.06,-0.0128
2030-31,S14000084,Glasgow East,7.56,0.0108
2030-31,S14000085,Glasgow North,5.14,0.0075
2030-31,S14000086,Glasgow North East,-1.24,-0.0021
2030-31,S14000087,Glasgow South,7.17,0.011
2030-31,S14000088,Glasgow South West,7.36,0.0131
2030-31,S14000089,Glasgow West,-6.9,-0.0129
2030-31,S14000090,Glenrothes and Mid Fife,-27.34,-0.0547
2030-31,S14000091,Gordon and Buchan,-31.5,-0.0618
2030-31,S14000092,Hamilton and Clyde Valley,-0.61,-0.0011
2030-31,S14000093,Inverclyde and Renfrewshire West,-15.72,-0.0304
2030-31,S14000094,"Inverness, Skye and West Ross-shire",-22.46,-0.0433
2030-31,S14000095,Livingston,-19.48,-0.0394
2030-31,S14000096,Lothian East,13.44,0.0228
2030-31,S14000097,Mid Dunbartonshire,0.28,0.0005
2030-31,S14000098,"Moray West, Nairn and Strathspey",-2.07,-0.0041
2030-31,S14000099,"Motherwell, Wishaw and Carluke",-4.14,-0.0084
2030-31,S14000100,North East Fife,6.68,0.0113
2030-31,S14000101,Paisley and Renfrewshire North,7.74,0.0131
2030-31,S14000102,Paisley and Renfrewshire South,0.84,0.0014
2030-31,S14000103,Perth and Kinross-shire,-21.58,-0.0404
2030-31,S14000104,Rutherglen,9.24,0.0172
2030-31,S14000105,Stirling and Strathallan,-37.88,-0.0725
2030-31,S14000106,West Dunbartonshire,4.04,0.0075
2030-31,S14000107,"Ayr, Carrick and Cumnock",0.32,0.0006
2030-31,S14000108,"Berwickshire, Roxburgh and Selkirk",4.71,0.0085
2030-31,S14000109,Central Ayrshire,5.48,0.0099
2030-31,S14000110,Kilmarnock and Loudoun,-1.22,-0.0022
2030-31,S14000111,West Aberdeenshire and Kincardine,7.82,0.0151
2030-31,W07000081,Aberafan Maesteg,-147.13,-0.2773
2030-31,W07000082,Alyn and Deeside,-116.17,-0.2136
2030-31,W07000083,Bangor Aberconwy,-126.6,-0.2494
2030-31,W07000084,Blaenau Gwent and Rhymney,-149.63,-0.2928
2030-31,W07000085,"Brecon, Radnor and Cwm Tawe",-116.19,-0.2323
2030-31,W07000086,Bridgend,-150.21,-0.2801
2030-31,W07000087,Caerfyrddin,-114.57,-0.2235
2030-31,W07000088,Caerphilly,-142.18,-0.2676
2030-31,W07000089,Cardiff East,-176.85,-0.327
2030-31,W07000090,Cardiff North,-143.8,-0.2459
2030-31,W07000091,Cardiff South and Penarth,-164.03,-0.2957
2030-31,W07000092,Cardiff West,-133.36,-0.2427
2030-31,W07000093,Ceredigion Preseli,-122.6,-0.2578
2030-31,W07000094,Clwyd East,-129.57,-0.2472
2030-31,W07000095,Clwyd North,-136.58,-0.2596
2030-31,W07000096,Dwyfor Meirionnydd,-152.84,-0.2954
2030-31,W07000097,Gower,-148.49,-0.2722
2030-31,W07000098,Llanelli,-137.38,-0.265
2030-31,W07000099,Merthyr Tydfil and Aberdare,-160.13,-0.3173
2030-31,W07000100,Mid and South Pembrokeshire,-131.62,-0.2617
2030-31,W07000101,Monmouthshire,-119.59,-0.2054
2030-31,W07000102,Montgomeryshire and Glyndwr,-124.49,-0.2487
2030-31,W07000103,Neath and Swansea East,-131.51,-0.2487
2030-31,W07000104,Newport East,-143.51,-0.2496
2030-31,W07000105,Newport West and Islwyn,-138.18,-0.261
2030-31,W07000106,Pontypridd,-130.17,-0.244
2030-31,W07000107,Rhondda and Ogmore,-144.52,-0.2644
2030-31,W07000108,Swansea West,-164.45,-0.3066
2030-31,W07000109,Torfaen,-145.21,-0.2741
2030-31,W07000110,Vale of Glamorgan,-135.7,-0.2422
2030-31,W07000111,Wrexham,-125.51,-0.2385
2030-31,W07000112,Ynys MÃ´n,-125.83,-0.2365
